Dwarf_name,Constellation,Distance_of_Dwarf,Mass_of_Dwarf,Radius_of_Dwarf
LHS 102BC,Phoenix,,,
2MASS J00034227-2822410,Sculptor,,,
2MASS J02511327+0047364,,,,
TWA 27A,,,,
TWA 27B,,,,
2MASS J14112131-2119503,,,,
2MASS J02103857-3015313,,101,0.01431882,0.15722739
2MASS J13204427+0409045,,101,0.063957396,0.10379063
WISE 0038+8405,Cepheus,101.8,,
2MASS J06085283-2753583,,102,0.036274344,0.15517213
WISE 1147-2040,Hydra,102,,
CFBDSIR 1458+10A,Boötes,104,0.010595927,0.1541445
CFBDSIR 1458+10B,Boötes,104,0.008591292,0.1335919
2MASS J20004841-7523070,,105,0.0238647,0.19319444
WISE 0316+4307,Perseus,106.3,,
WISE 1830+4542,Lyra,107,,
2MASSI J1017075+130839 [de],Leo,108,,
2MASSW J2101154+175658,,108,,
WISE 1506+7027,Ursa Minor,11.1,,
2MASS J16262034+3925190 [de],Hercules,110,0.067775748,0.10584589
SDSS J020742.48+000056.2 [de],Cetus,111,0.044865636,0.09968011
WISEA 1101+5400,Ursa Major,111,,
HB 2124-4228,,113,0.089731272,0.12434323
2MASSI J1726000+153819,,114,0.022910112,0.1438682
2MASSW J1239272+551537 [de],Ursa Major,119,,
Teegarden's star,Aries,12.578,0.07636704,0.13050901
2M1510,Libra,120,,
2MASS J11544223-3400390 [de],Hydra,129,0.035319756,0.1541445
DEN 1048-3956,Antlia,13.15,0.073503276,0.10995641
UGPS J072227.51-054031.2,Monoceros,13.4,0.024819288,0.10070774
2MASS J01415823-4633574 [de],Phoenix,130,0.01909176,0.16544843
DENIS-P J035726.9-441730 [de],Horologium,130,,
2MASS J00332386-1521309 [de],Cetus,131,0.027683052,0.14695109
WISE 1841+7000,Draco,131.1,,
TWA 26,,137,0.02863764,0.2260786
2MASSW J1841086+311727,,138,0.063957396,0.10379063
2MASS J04362788-4114465,,142,0.037228932,0.20244311
WISE 0106+1518,Pisces,142.9,,
2MASS J00250365+4759191AB,Cassiopeia,143,,
2MASS J23225299-6151275,,148,0.016227996,0.16339317
SDSS J141659.78+500626.4 [de],Boötes,149,0.056320692,0.10173537
2MASS J02411151-0326587 [de],Cetus,152,0.025773876,0.14489583
2MASSW J2208136+292121,,154,0.025773876,0.14489583
2MASS J02340093-6442068,,155,0.01909176,0.16647606
DENIS J081730.0-615520,Carina,16.1,0.042001872,0.09659722
DEN 0255-4700,Eridanus,16.2,0.07636704,0.09968011
WISE 1639-6847,Triangulum Australe,16.3,,
2MASSI J0117474-340325 [de],Sculptor,163,0.01909176,0.16647606
Cha 110913-773444,Chamaeleon,163,0.007636704,0.1849734
2MASS 0939−2448,Antlia,17.4,0.030546816,0.09762485
WISE 0350-5658,Reticulum,17.7,,
2MASS J11145133−2618235,Hydra,18.2,0.031501404,0.09865248
LSR J1835+3259,Lyra,18.5,0.073503276,0.10995641
2MASS J04151954−0935066,Eridanus,18.6,0.02863764,0.09762485
WISE 1741+2553,Hercules,18.9,,
TWA 28,,180,0.034365168,0.24560357
2MASS J02535980+3206373,,184,0.06204822,0.1952497
WISE 0359-5401,Reticulum,19.2,,
2MASS J00040288-6410358,Tucana,192,0.018137172,0.16750369
2MASS J03231002-4631237,,192,0.021955524,0.17058658
2MASSI J0937347+293142,Leo,20,0.040092696,0.09659722
WISE 0410+1502,Taurus,20,0.005727528,0.12023271
WISE 1541-2250,Libra,20,,
WISE 1738+2732,Hercules,20,,
WISE 0146+4234,Andromeda,20.5,,
2MASS 1503+2525,Boötes,20.7,0.042001872,0.09659722
LP 944-20,Fornax,20.9,0.069684924,0.14695109
2MASS J12074836-3900043,,217,0.016227996,0.17572473
WISE 1928+2356,Vulpecula,22.8,,
WISE 0005+3737,Andromeda,23.2,,
WISE 0713-2917,Canis Major,23.2,,
2MASSI J0835425-081923 [de],Hydra,23.53,0.059184456,0.102763
2MASS 1507−1627,Libra,23.9,0.05727528,0.10173537
2MASS J00274197+0503417,Pisces,236,0.029592228,0.14797872
WISE J0254+0223,Cetus,24,0.06204822,0.1952497
WISE 0049+2151,Andromeda,24.1,,
WISE 2056+1459,Delphinus,24.5,,
WISE 1405+5534,Ursa Major,25.3,0.02863764,
WISE 0607+2429,Gemini,25.4,,
2MASS J07290002-3954043 [de],Puppis,25.8,0.035319756,0.09659722
2MASS J21481628+4003593,,26.3,0.05250234,0.10173537
WISE 2220-3628,Grus,26.4,,
TWA 29,,262,0.001909176,2.569075
2MASS J03341218-4953322,,27,0.069684924,0.10687352
2MASS J08533619-0329321,,27.6,0.073503276,0.10995641
WISEPA J164715.59+563208.2,,28,0.039138108,0.09659722
WISE 0313+7807,Cepheus,28,,
WISE 0647-6232,Pictor,28,,
WISE 1647+5632,Draco,28,,
2MASS 0036+1821,Pisces,28.6,0.040092696,0.09659722
WISE 1800+0134,Ophiuchus,28.7,0.054411516,
2MASS J04390101-2353083 [de],Eridanus,29.5,0.045820224,0.09968011
2MASSI J0727182+171001 [de],Gemini,29.6,0.039138108,0.09659722
ULAS J141623.94+134836.3,,29.7,0.030546816,0.09865248
2MASS J03552337+1133437,Taurus,29.8,0.01909176,0.13564716
CFBDS J005910.90–011401.3,Cetus,30,0.021955524,
WISE 0148-7202,Hydrus,30,,
WISE 1804+3117,Hercules,30,,
2MASS J00345157+0523050,Pisces,31,0.040092696,0.09659722
2MASSW J1155395-372735 [de],Centaurus,31,0.061093632,0.102763
WISE 0811-8051,Chamaeleon,32,,
2MASS J21392676+0220226,Aquarius,32.1,0.043911048,0.09865248
WISE 1614+1739,Hercules,32.6,,
WISE 1150+6302,Ursa Major,32.9,,
WISE 1318-1758,Virgo,32.9,,
WISE 1322-2340,Hydra,33.9,,
2MASS J00501994-3322402 [de],Sculptor,34,0.03818352,0.09659722
2MASS J04351612-1606574,,34,0.0954588,0.12948138
2MASS J05591914-1404488 [de],Lepus,34,,
2MASSW J1515008+484742 [de],Boötes,34,0.054411516,0.10173537
WISE 1217+1626A,Coma Berenices,34.2,0.011455056,
WISE 1217+1626B,Coma Berenices,34.2,0.005727528,
WISE 2030+0749,Delphinus,34.2,,
2MASS J1047538+212423 [de],Leo,34.4,0.040092696,0.09659722
LSR 0602+3910 [de],Auriga,34.6,0.026728464,0.14489583
WISE 0734-7157,Volans,34.9,,
2MASS J02431371−2453298,Fornax,35,0.031501404,0.10173537
2MASS J08251968+2115521 [de],Cancer,35,0.049638576,0.10070774
2MASS J22282889-4310262,Grus,35,0.040092696,0.09659722
TVLM 513-46546,Boötes,35.1,0.0715941,0.10790115
WISE 0458+6434A,Camelopardalis,35.9,0.01431882,0.4316046
WISE 0458+6434B,Camelopardalis,35.9,0.00954588,0.3904994
WISE 2313-8037,Octans,35.9,,
2MASSI J1217110-031113 [de],Virgo,36,0.040092696,0.09659722
SDSSp J162414.37+002915.6 [de],Serpens,36,0.041047284,0.09659722
WISE 1828+2650,Lyra,36,,
WISE 0325+0831,Taurus,36.5,,
WISE 0038+2758,Andromeda,36.9,,
2MASS J15462718-3325111 [de],Lupus,37,0.042001872,0.09659722
WISE 0627-1114,Canis Major,37.2,,
WISE 1959-3338,Sagittarius,37.2,,
WISE 0623-0456,Monoceros,37.5,,
WISE 2325-4105,Grus,37.5,,
2MASS J00242463-0158201,Pisces,37.7,0.075412452,0.11201167
WISE 2340-0745,Aquarius,37.8,,
SDSSp J125453.90-012247.4 [de],Virgo,38,0.044865636,0.10070774
DENIS-P J142527.97-365023.4 [de],Centaurus,38,0.020046348,0.13564716
2MASSW J2224438-015852,,38,0.058229868,0.10173537
LHS 2924,Boötes,38.5,0.072548688,0.10892878
WISE 0759-4904,Puppis,38.8,,
Teide 1,Taurus,380,0.05250234,0.38844414
2MASS J06244595-4521548 [de],Puppis,39,0.053456928,0.10173537
2MASS J18283572-4849046,,39,0.04295646,0.09762485
WISE 0751-7634,Chamaeleon,39.1,,
WISE 1653+4444,Hercules,39.5,,
WISEP J004701.06+680352.1 [fr],Cassiopeia,40,0.011455056,0.1335919
2MASS J0523−1403,Lepus,40,0.064911984,0.10379063
2MASS J07003664+3157266 [de],Gemini,40,,
WISE 1051-2138,Hydra,40.8,,
WISE 1542+2230,Serpens,41.1,,
SDSS J053951.99-005902.0,,41.62,0.058229868,0.10379063
2MASS J04455387-3048204 [de],Caelum,42,0.061093632,0.102763
WISE 0857+5604,Ursa Major,42.1,,
WISE 2019-1148,Capricornus,42.4,,
WISE 2134-7137,Indus,42.7,,
WISE 2359-7335,Tucana,42.7,,
SDSSp J083008.12+482847.4 [de],Lynx,43,0.045820224,0.10173537
2MASSI J0847287-153237 [de],Hydra,43,0.061093632,0.102763
2MASS J12255432-2739466,,43,,
2MASS J05002100+0330501 [de],Orion,44,0.061093632,0.102763
2MASSW J1555157-095605 [de],Libra,44,0.067775748,0.10584589
WISE 1311+0122,Virgo,44.4,,
WISE 1952+7240,Draco,44.4,,
WISE 0513+0608,Orion,44.7,,
WISE 2255-3118,Piscis Austrinus,44.7,,
2MASS J03185403-3421292 [de],Fornax,45,0.046774812,0.09968011
WISE 2226+0440,Pegasus,45,,
WISE 0323-6025,Reticulum,45.3,,
2M 1237+6526,Draco,45.6,0.039138108,0.09659722
WISE 0335+4310,Perseus,45.7,,
WISE 0723+3403,Gemini,45.7,,
2MASS J10073369-4555147,,46,0.042001872,0.09659722
2MASSW J1506544+132106 [de],Boötes,46,0.065866572,0.10481826
2MASS J18432213+4040209,,46,0.091640448,0.12537086
WISE 0819-0335,Hydra,46,,
WISE 2209-2734,Piscis Austrinus,46,,
WISE 2237+7228,Cepheus,46,,
WISE 2344+1034,Pegasus,46,,
SDSS J000013.54+255418.6 [de],Pegasus,46.1,0.045820224,0.10173537
2MASS J00275592+2219328,Andromeda,46.9,,
2MASS J03205965+1854233,,47,0.084003744,0.11817745
2MASS J14392837+1929150,,47,0.068730336,0.10584589
2MASS J14482563+1031590 [de],Boötes,47,0.056320692,0.10173537
2MASSI J2057540-025230,,47,0.06682116,0.10481826
WISE 0223-2932,Fornax,47,,
WISE 0500-1223,Eridanus,47,,
WISE 0535-7500,Mensa,47,,
WISE 1812+2721,Hercules,47,,
WISE 0744+5628,Lynx,47.3,,
WISE 1039-1600,Hydra,47.3,,
WISE 0040+0900,Pisces,47.6,,
WISE 1018-2445,Hydra,47.6,,
WISE 2018-7423,Pavo,47.9,,
2MASS J04414489+2301513,,470,0.018137172,
2MASS J03510004-0052452,,48,0.097367976,0.13050901
SDSSp J134646.45-003150.4 [de],Virgo,48,0.042001872,0.09659722
2MASS J16150413+1340079 [de],Hercules,48,0.040092696,0.09659722
WISE 0015-4615,Phoenix,48.6,,
WISE 2343-7418,Octans,48.6,,
SDSS J074201.41+205520.5 [de],Gemini,49,0.041047284,0.09659722
DENIS-P J1058.7−1548,Crater,49,0.061093632,0.102763
2MASS J0746425+200032 [fr],Gemini,49.6,,
SDSSp J042348.57-041403.5 [de],Eridanus,50,,
2MASSI J0859254-194926 [de],Pyxis,50,0.0477294,0.10070774
2MASSW J1632291+190441 [de],Hercules,50,0.046774812,0.09968011
WISE 0614+3912,Auriga,50.2,,
WISE 1617+1807,Hercules,50.2,,
WISE 1627+3255,Hercules,50.2,,
WISE 0542-1628,Lepus,50.6,,
WISE 1124-0421,Leo,50.6,,
WISE 2015+6646,Draco,50.6,,
WISE 1519+7009,Ursa Minor,50.9,,
SDSSp J010752.33+004156.1 [de],Cetus,51,0.049638576,0.10070774
DENIS-P J0652197-253450 [de],Canis Major,51,0.0715941,0.10790115
2MASS J13595510-4034582,,51,0.060139044,0.102763
DENIS-P J153941.96-052042.4 [de],Libra,51,0.060139044,0.102763
WISE 0325-3854,Fornax,51.2,,
WISE 2342+0856,Pegasus,51.2,,
WISE 0614+0951,Orion,51.5,,
WISE 0750+2725,Gemini,51.5,,
WISE 0906+4735,Ursa Major,51.5,,
WISE 1906+4508,Lyra,51.5,,
WISE 1457+5815,Draco,52.2,,
WISE 1622-0959,Scorpius,52.2,,
WISE 2319-1844,Aquarius,52.2,,
LP 771-21,,53,0.074457864,0.11098404
2MASSW J1036530-344138 [de],Antlia,53,0.046774812,0.09968011
TVLM 868-110639,,53,0.075412452,0.11098404
WISE 1042-3842,Antlia,53.2,,
WISE 2237-0614,Aquarius,53.5,,
WISE 0241-3653,Fornax,53.8,,
WISE 0656+4205,Auriga,54.1,,
WISE 2348-1028,Aquarius,54.1,,
WISE 0333-5856,Reticulum,54.8,,
WISE 2357+1227,Pegasus,54.8,,
DENIS-P J0751164-253043 [de],Puppis,55,0.067775748,0.10584589
LHS 2021,,55,0.084003744,0.11817745
2MASSI J1010148-040649 [de],Sextans,55,0.048683988,0.10070774
WISE 0336-0143,Eridanus,55.4,,
WISE 1225-1013,Virgo,55.4,,
WISE 1612-3420,Scorpius,55.4,,
WISE 1852+3537,Lyra,55.4,,
OTS 44,Chamaeleon,554,0.01431882,
2MASSW J2244316+204343,,56,0.011455056,0.13256427
2MASS J23224684-3133231,,56,0.022910112,0.14284057
WISE 0245-3450,Fornax,56.1,,
WISE 1320+6034,Ursa Major,56.1,,
WISE 1019+6529,Ursa Major,56.8,,
2MASSW J0045214+163445,Pisces,57,0.021955524,0.16647606
WISE 0247+3725,Perseus,57.1,,
WISE 0528-3308,Columba,57.4,,
WISE 0138-0322,Cetus,57.7,,
WISE 0611-0410,Monoceros,57.7,,
WISE 1122+2550,Leo,57.7,,
WISE 0206+2640,Aries,58.4,,
WISE 2213+0911,Pegasus,58.7,,
SDSS J032553.17+042540.1,,59,0.04295646,0.09762485
2MASS J09490860-1545485 [de],Hydra,59,0.046774812,0.09865248
WISE 2239+1617,Pegasus,59.7,,
Luhman 16B,Vela,6.516,0.041047284,0.10481826
Luhman 16A,Vela,6.516,0.03818352,0.10379063
2MASS J07075327-4900503,,60,0.068730336,0.10584589
2MASS J07522390+1612157,,60,0.001918722,6.987884
2MASS J10224821+5825453 [de],Ursa Major,60,0.025773876,0.14489583
LSPM J1658+7027 [de],Draco,60,0.069684924,0.10687352
WISE 1436-1814,Libra,60,,
WISE 1711+3500,Hercules,60.3,,
WISE 2301+0216,Pisces,60.7,,
Kelu-1A,Hydra,61,0.060139044,0.10070774
Kelu-1B,Hydra,61,0.055366104,0.10070774
WISE 0150+3827,Andromeda,61.3,,
WISE 2157+2659,Pegasus,61.6,,
2MASSI J2104149-103736,,62,0.065866572,0.10481826
WISE 1721+1117,Ophiuchus,62.3,,
WISE 0049+0441,Pisces,62.6,,
WISE 0032-4946,Phoenix,62.9,,
SDSS J111010.01+011613.1,,63,0.008591292,0.12742612
WISE 0812+4021,Lynx,63.6,,
2MASS J05012406-0010452 [de],Orion,64,0.020046348,0.14181294
2MASS J22373255+3922398,,64,0.069684924,0.10687352
WISE 0612-3036,Canis Major,64.9,,
WISE 0929+0409,Hydra,64.9,,
DENIS-P J020529.0−115925A,Cetus,65,,
DENIS-P J020529.0−115925B,Cetus,65,,
DENIS-P J020529.0−115925C,Cetus,65,,
2MASS J06411840-4322329 [de],Puppis,65,0.063957396,0.10379063
SDSSp J132629.82-003831.5 [de],Virgo,65,0.048683988,0.09968011
SDSS J204749.61-071818.3,,65,0.043911048,0.09865248
DENIS-P J1228.2-1547,Corvus,66,,
WISE 0413-4750,Horologium,66.2,,
DENIS J082303.1−491201A,Vela,67,0.042001872,
DENIS J082303.1−491201B,Vela,67,0.026728464,
2MASSI J1526140+204341 [de],Serpens,67,0.051547752,0.10070774
2MASS J23515044-2537367,,67,0.084003744,0.11920508
WISE 0123+4142,Andromeda,67.2,,
WISE 0625+5646,Lynx,67.2,,
2MASSW J1552591+294849 [de],Corona Borealis,68,0.02863764,0.14695109
WISE 0821+1443,Ursa Major,68.2,,
2MASS J04510093-3402150 [de],Caelum,69,0.000992772,7.398936
WISEP J061135.13-041024.0A,,69,0.06204822,
WISEP J061135.13-041024.0B,,69,0.050593164,
WISE 0448-1935,Eridanus,69.8,,
2MASSI J0103320+193536,Pisces,70,0.049638576,0.10070774
SDSS J015141.69+124429.6,,70,0.044865636,0.09968011
WISE 2327-2730,Sculptor,70.8,,
CFBDS J150411+102717,,71,0.042001872,0.09659722
WISE 0031-3840,Sculptor,71.8,,
LSPM J1440+1339,,72,0.087822096,0.12228797
WISE 0952+1955,Leo,72.1,,
WISE 0836-1859,Pyxis,72.4,,
WISE 1517+0529,Serpens,72.4,,
WISE 1717+6129,Draco,72.7,,
2MASS J05160945-0445499 [de],Orion,73,0.044865636,0.09968011
WISE 0221+3842,Andromeda,73.1,,
2MASSI J2356547-155310,,74,0.07636704,0.11201167
WISE 1809+3838,Hercules,74.4,,
WISE 0305+3954,Perseus,75,,
SDSS J083048.80+012831.1 [de],Hydra,77,0.043911048,0.09865248
WISE 0135+1715,Pisces,77.3,,
WISE 0733+7544,Camelopardalis,78.3,,
2MASSW J1728114+394859,,79,,
2MASS J03264225-2102057 [de],Eridanus,80,0.017182584,0.1335919
PSO J318.5−22,Capricornus,80,0.006204822,0.15722739
2MASS 0532+8246,Camelopardalis,81,0.079230804,
2MASS J04433764+0002040,,82,0.021000936,0.18291814
WISE 0307+2904,Aries,82.8,,
WISE 1746-0338,Ophiuchus,83.8,,
WISE 1523+3125,Corona Borealis,84.5,,
WISE 0321-7347,Hydrus,84.8,,
WISE 0539-1034,Orion,84.8,,
WISE 1433-0837,Libra,84.8,,
2MASS J04285096-2253227 [de],Eridanus,85,0.07636704,0.11201167
WISE 0410+1411,Taurus,85.8,,
WISE 1311+3629,Canes Venatici,86.1,,
WISE 0008-1739,Cetus,87.1,,
2MASSW J0030300-145033,Cetus,87.2,0.051547752,0.10070774
2MASP J0345432+254023,,88,0.070639512,0.10790115
2MASSW J1146345+223053,,89,,
SDSS J151114.66+060742.9 [de],Serpens,89,,
SDSSp J175032.96+175903.9,,90,0.044865636,0.09968011
WISE 2335+4222,Andromeda,90.3,,
WISE 0226-0211,Cetus,91,,
WISE 1348+6603,Draco,91,,
2MASSW J2206450-421721,,93,0.021000936,0.13667479
2MASSW J0920122+351742 [de],Lynx,95,,
SDSS J102109.69-030420.1,,95,,
WISE 0612-4920,Puppis,95.2,,
2MASS J00584253-0651239 [de],Cetus,96,0.027683052,0.14695109
WISE 2014+0424,Aquila,96.2,,
WISE 1728+5716,Draco,97.8,,
2MASS J03284265+2302051 [de],Taurus,98,0.051547752,0.10070774
WISE 0525+6739,Camelopardalis,98.2,,
